{"cameraMode":{"drawMode":0,"name":"Shaded","section":"Shading Mode"},"sceneLighting":true,"audioPlay":false,"sceneViewState":{"showFog":true,"showMaterialUpdate":false,"showSkybox":true,"showFlares":true,"showImageEffects":true,"showParticleSystems":true,"showVisualEffectGraphs":true,"m_FxEnabled":true},"in2DMode":false,"pivot":{"x":11.508219718933106,"y":6.19891357421875,"z":0.03677570819854736},"rotation":{"x":0.017146818339824678,"y":0.7000473737716675,"z":-0.7136254906654358,"w":0.016804058104753495},"size":49.22207260131836,"orthographic":false}